id,first_name,last_name,email,phone,address,notes
1,Danielle,Johnson,danielle.johnson@yahoo.com,555-859-5506,21819 Johnson Course,Regular customer
2,Jeffery,Wagner,jeffery.wagner@gmail.com,555-792-9935,654 Jason Track,CC: 676138637944 on file
3,Matthew,Davis,matthew.davis@yahoo.com,555-130-2535,103 Galloway Walk,Payment with card 2285-9407-8161-8490
4,Jesse,Garcia,jesse.garcia@hotmail.com,555-674-4257,30564 Jason Port Suite 376,Payment with card 4525534192832764833
5,Nicole,Day,nicole.day@gmail.com,555-529-4611,38849 Hurst Locks Suite 328,
6,Trevor,Campos,trevor.campos@gmail.com,555-928-1106,269 Paul Ranch,Seasonal buyer
7,Wendy,Rice,wendy.rice@hotmail.com,555-814-7924,184 Rodriguez Mews,Customer since 2020
8,Eric,Smith,eric.smith@hotmail.com,555-320-6514,281 Skinner Parkways Apt. 252,VIP member
9,Amber,Osborne,amber.osborne@hotmail.com,555-467-6635,71822 Arroyo Expressway,CC: 213195701543036 on file
10,Joseph,Brennan,joseph.brennan@yahoo.com,555-847-8527,346 Kim Path,No special notes
11,Shannon,Wright,shannon.wright@gmail.com,555-180-5803,98393 Chad Roads Apt. 310,Free shipping eligible
12,Michele,Jones,michele.jones@gmail.com,555-691-4150,738 Jennifer Ports Suite 376,Wholesale pricing applied
13,James,Davis,james.davis@yahoo.com,555-777-4733,6701 Richard Junction Apt. 333,No special notes
14,Amanda,Taylor,amanda.taylor@gmail.com,555-975-4814,3178 Brent Plains Apt. 132,Preferred customer since 2019
15,Richard,Olson,richard.olson@yahoo.com,555-384-8428,60647 Henderson Street,Free shipping eligible
16,Wendy,Peters,wendy.peters@hotmail.com,555-266-7065,34309 Julie Centers Apt. 978,Wholesale pricing applied
17,Samantha,Schmidt,samantha.schmidt@gmail.com,555-818-2169,19136 Shelly Port,Seasonal buyer
18,John,Wheeler,john.wheeler@hotmail.com,555-646-5010,9985 Harris Stravenue,Customer since 2020
19,Leon,Baker,leon.baker@yahoo.com,555-755-4598,54278 Carr Valley,Auto-pay card: 4751-0799-1183-8420
20,Destiny,Smith,destiny.smith@hotmail.com,555-334-1525,124 Pamela Summit Apt. 449,No special notes
21,Jason,Cooper,jason.cooper@hotmail.com,555-374-2084,740 Cynthia Village Suite 005,Free shipping eligible
22,Kellie,Walsh,kellie.walsh@yahoo.com,555-317-9179,53315 Dickson Summit Apt. 322,Card 4786801128059826206 used for subscription
23,Nicole,Johnson,nicole.johnson@hotmail.com,555-246-5339,3421 Brennan Walks Suite 337,Gift buyer — holiday season
24,Michael,Hoover,michael.hoover@yahoo.com,555-864-8019,42940 Candace Key,Auto-pay card: 4036541458683
25,Jessica,Edwards,jessica.edwards@hotmail.com,555-470-4593,9340 Smith Valley,Free shipping eligible
26,Amanda,Ball,amanda.ball@hotmail.com,555-621-9085,6159 Alvarado Crossing,VIP member
27,Jennifer,Evans,jennifer.evans@gmail.com,555-256-3621,957 Ramos Forest Suite 214,CC: 4564823662994680448 on file
28,Zachary,Schultz,zachary.schultz@yahoo.com,555-710-2040,43320 John Mountains,Returns frequently
29,Cheryl,Mack,cheryl.mack@yahoo.com,555-641-5119,936 Ross Drive Apt. 163,Gift buyer — holiday season
30,Gregory,Rubio,gregory.rubio@hotmail.com,555-796-2876,83172 Contreras Points Suite 798,Regular customer
31,Ronald,Meadows,ronald.meadows@yahoo.com,555-868-5371,774 Mary Harbor,
32,Katie,Boyd,katie.boyd@hotmail.com,555-214-5808,7143 Rogers Plains,Corporate account
33,Christopher,Hernandez,christopher.hernandez@yahoo.com,555-103-5315,316 Rivera Mountain,Gift buyer — holiday season
34,Robert,Clark,robert.clark@yahoo.com,555-619-2743,096 Smith Knoll Suite 668,Customer since 2020
35,Julie,Payne,julie.payne@hotmail.com,555-961-9317,3467 Paul Skyway,Call before delivery
36,Erin,Powell,erin.powell@gmail.com,555-482-3646,98069 Christopher Meadow Apt. 720,VIP member
37,Jorge,Murphy,jorge.murphy@yahoo.com,555-100-6310,6464 Thomas Summit Apt. 531,No notes
38,Kimberly,Pearson,kimberly.pearson@gmail.com,555-471-6038,09232 Caldwell Port,Loyal customer
39,Stacie,Marshall,stacie.marshall@gmail.com,555-187-8962,919 Michael Meadow Suite 185,CC: 4299124190496631932 on file
40,Alexander,Fisher,alexander.fisher@yahoo.com,555-884-3060,5726 Jessica Run,
41,Joseph,Morton,joseph.morton@yahoo.com,555-371-9645,0752 Lewis Union Suite 549,Card number 180076945314732 for auto-pay
42,Jacqueline,Hill,jacqueline.hill@gmail.com,555-316-9835,36783 Brewer Overpass,Returns frequently
43,Shane,Smith,shane.smith@yahoo.com,555-830-6107,3495 Tran Key,Requires signature on delivery
44,Ronald,Reese,ronald.reese@yahoo.com,555-548-9479,744 Hall Stravenue Apt. 518,Wholesale pricing applied
45,Stephanie,Vaughn,stephanie.vaughn@gmail.com,555-330-2049,749 Hooper Village,Standard account
46,James,Perez,james.perez@gmail.com,555-335-4608,82400 Terry Crossroad Suite 109,
47,Justin,Mendoza,justin.mendoza@hotmail.com,555-334-2104,31869 Kimberly Light Suite 749,Payment with card 340471167190224
48,Veronica,Torres,veronica.torres@hotmail.com,555-172-9423,133 Guerrero Estate,Corporate account
49,John,Arnold,john.arnold@hotmail.com,555-319-9834,1832 Serrano Cliffs,Refund issued to card 4679 7403 4471 3493
50,Brian,Sparks,brian.sparks@yahoo.com,555-348-8749,401 Suzanne Villages Apt. 490,Refund issued to card 3571 7464 8877 1909
51,Kathryn,Thompson,kathryn.thompson@hotmail.com,555-196-2588,2967 Theodore Lodge Suite 512,Requires signature on delivery
52,Mark,Steele,mark.steele@yahoo.com,555-533-7735,071 King Crescent Suite 808,Wholesale pricing applied
53,Steven,Brown,steven.brown@hotmail.com,555-789-2612,770 Joseph Curve Suite 771,No special notes
54,Anthony,Mccoy,anthony.mccoy@yahoo.com,555-919-2790,467 Sanchez Plaza Apt. 639,Card 4480861317121 used for subscription
55,William,Suarez,william.suarez@hotmail.com,555-243-7912,5886 Cantu Ways Apt. 396,Refund issued to card 2256584044997278
56,Jesus,Rowe,jesus.rowe@yahoo.com,555-995-2235,1870 Robert Shoal,Billing card: 587662702899
57,Tara,Jones,tara.jones@yahoo.com,555-200-1828,615 Finley Road Suite 809,
58,Casey,Welch,casey.welch@yahoo.com,555-956-1241,161 Scott Square,
59,Kevin,Johnson,kevin.johnson@yahoo.com,555-270-7658,5562 Amanda Port,Standard account
60,Erin,White,erin.white@gmail.com,555-985-7570,693 Durham Divide,Requires signature on delivery
61,Jesse,Little,jesse.little@yahoo.com,555-488-1035,074 Charles Key Suite 647,Customer since 2020
62,Megan,Gonzalez,megan.gonzalez@yahoo.com,555-902-8454,36959 Haney Hill Apt. 640,Seasonal buyer
63,Ashlee,Jennings,ashlee.jennings@yahoo.com,555-258-4111,95214 Burgess Extensions Apt. 285,Refund issued to card 3597 4395 3394 2101
64,Alyssa,Mcintyre,alyssa.mcintyre@yahoo.com,555-865-6138,5496 Rodriguez Fort,Payment with card 4745171236851607
65,Thomas,Harvey,thomas.harvey@yahoo.com,555-614-9701,13826 Watson Summit Suite 926,Refund issued to card 180093174612009
66,Diana,Bass,diana.bass@yahoo.com,555-971-4044,17139 Brent Isle Apt. 293,CC: 3540 5377 3515 8505 on file
67,Casey,Hubbard,casey.hubbard@gmail.com,555-513-2964,05395 Grant Center,Billing card: 4352904228427
68,David,Fisher,david.fisher@gmail.com,555-692-1651,7589 Shannon Forges,Standard account
69,Sonia,Williams,sonia.williams@hotmail.com,555-773-9565,0076 Parks Overpass Suite 115,Returns frequently
70,Charlene,Jones,charlene.jones@yahoo.com,555-309-6147,9847 Garcia Squares Apt. 836,Seasonal buyer
71,Shannon,Perez,shannon.perez@gmail.com,555-787-5915,1528 Brenda Points,Card number 376615654527119 for auto-pay
72,Anna,Santiago,anna.santiago@yahoo.com,555-109-8508,604 Bell Ports Apt. 273,Preferred customer since 2019
73,Melanie,Bell,melanie.bell@hotmail.com,555-175-9808,49368 Chelsea Shoals Suite 024,Loyal customer
74,Jacqueline,Parker,jacqueline.parker@yahoo.com,555-457-2127,2545 Nicole Drives Apt. 901,Card number 370229612018363 for auto-pay
75,Joseph,Stanley,joseph.stanley@yahoo.com,555-391-3584,4381 Jordan Haven Suite 840,Wholesale pricing applied
76,Jeffrey,Joyce,jeffrey.joyce@gmail.com,555-820-5956,43244 Wilson Parks,
77,Julie,Thompson,julie.thompson@yahoo.com,555-108-5905,851 Hensley Canyon,No notes
78,Ryan,Stevens,ryan.stevens@gmail.com,555-999-3200,696 Roberts Lodge Apt. 529,Loyal customer
79,Steve,Norris,steve.norris@yahoo.com,555-378-5616,81883 Bell Viaduct,Card number 346136968164538 for auto-pay
80,Debbie,Hernandez,debbie.hernandez@gmail.com,555-308-5325,3292 Gregory Trail,Corporate account
81,Courtney,Marshall,courtney.marshall@hotmail.com,555-966-1832,995 Hernandez Cliff Suite 744,Seasonal buyer
82,Brittany,Bell,brittany.bell@yahoo.com,555-145-1058,9359 Mason Circle,Auto-pay card: 2267-7005-4119-9864
83,Shannon,Shepherd,shannon.shepherd@yahoo.com,555-752-5291,203 Ritter Pine,VIP member
84,Alexandra,Moore,alexandra.moore@yahoo.com,555-674-1158,1925 Ponce Square,Charged to 376659051518644 on last order
85,Eileen,Anderson,eileen.anderson@gmail.com,555-658-1590,7332 Chris Vista,Card number 3548 6528 1685 0540 for auto-pay
86,Kristin,Romero,kristin.romero@hotmail.com,555-251-8041,592 Moore Falls,
87,Marie,Wise,marie.wise@yahoo.com,555-915-1653,4688 Burch Viaduct Apt. 924,Card 4065-3794-7383-4739 used for subscription
88,Brett,Castillo,brett.castillo@yahoo.com,555-798-5088,814 Kathryn Groves,Requires signature on delivery
89,Shannon,Palmer,shannon.palmer@yahoo.com,555-898-7658,75060 Shaw Freeway,Wholesale pricing applied
90,Paul,Miller,paul.miller@gmail.com,555-342-3662,1522 Justin Village,VIP member
91,Thomas,Guerra,thomas.guerra@hotmail.com,555-522-1406,9010 Lewis Drive Suite 143,Customer since 2020
92,Kevin,Williams,kevin.williams@hotmail.com,555-921-5065,96218 Jones Pine Apt. 670,Charged to 6511-7980-8932-4600 on last order
93,Cynthia,Zavala,cynthia.zavala@gmail.com,555-491-1634,43030 Mahoney Passage Suite 874,CC: 4515319520585277227 on file
94,Benjamin,Lucas,benjamin.lucas@yahoo.com,555-304-8541,54156 Paul Lights Suite 277,Standard account
95,Michael,Salinas,michael.salinas@yahoo.com,555-328-1387,616 Amy Islands,Standard account
96,Curtis,Murphy,curtis.murphy@yahoo.com,555-436-5564,9627 West Stream Suite 964,Free shipping eligible
97,Danielle,Moody,danielle.moody@gmail.com,555-459-9346,658 Stephanie Divide,Seasonal buyer
98,Melinda,Gregory,melinda.gregory@yahoo.com,555-439-1452,13556 Cassie Springs,
99,Shannon,Watson,shannon.watson@hotmail.com,555-694-5349,8681 Hampton Squares,Card number 30192856543102 for auto-pay
100,Sean,Davies,sean.davies@yahoo.com,555-453-6139,32370 Spencer Land,Charged to 4312172715518844220 on last order
101,Tanner,Bird,tanner.bird@gmail.com,555-218-7311,46786 Morrow Cliffs,No notes
102,David,Stewart,david.stewart@gmail.com,555-360-1727,8528 Katrina Curve Suite 801,Requires signature on delivery
103,April,Torres,april.torres@gmail.com,555-632-9821,358 Singleton Glen Apt. 842,Regular customer
104,Colleen,Mendez,colleen.mendez@gmail.com,555-472-8066,922 Kirby Port,Requires signature on delivery
105,Blake,Shields,blake.shields@hotmail.com,555-738-6143,7102 Perry Mountain Apt. 592,Card 5294 3969 0784 4738 used for subscription
106,Larry,Higgins,larry.higgins@hotmail.com,555-837-5920,2588 Luis Mountain Apt. 473,Loyal customer
107,Donald,Williams,donald.williams@yahoo.com,555-434-7592,25953 Tyrone Passage Suite 747,Returns frequently
108,Andrew,Landry,andrew.landry@hotmail.com,555-230-4143,39500 Simpson Ville Suite 480,
109,Melanie,Jordan,melanie.jordan@yahoo.com,555-793-3851,5060 Michael Heights Apt. 687,Free shipping eligible
110,Kathy,Ramirez,kathy.ramirez@hotmail.com,555-515-9977,16558 Fischer Flat,Call before delivery
111,Carrie,Morales,carrie.morales@gmail.com,555-393-4443,25787 Catherine Passage,Call before delivery
112,Donald,Velazquez,donald.velazquez@yahoo.com,555-576-8238,9495 Erickson Hills,Corporate account
113,Thomas,Smith,thomas.smith@yahoo.com,555-623-8752,9409 Baker Shoal,Requires signature on delivery
114,Krista,Parsons,krista.parsons@hotmail.com,555-774-2389,097 Alexandria Stravenue,Customer since 2020
115,Christine,Randall,christine.randall@yahoo.com,555-195-4848,283 Bolton Neck,Card 4091 3075 6263 6895 used for subscription
116,Alicia,Edwards,alicia.edwards@gmail.com,555-925-4262,585 Bishop Fields Apt. 484,Standard account
117,Jeffrey,Dudley,jeffrey.dudley@yahoo.com,555-586-2193,7473 Maria Groves,Billing card: 4375758441986652404
118,Sarah,Horton,sarah.horton@gmail.com,555-835-7291,933 Elizabeth Pines,Requires signature on delivery
119,Jeremiah,Hall,jeremiah.hall@gmail.com,555-251-1090,7120 Richard Wells Suite 734,Standard account
120,Manuel,Brewer,manuel.brewer@gmail.com,555-897-7965,026 Sarah Camp,Loyal customer
121,Wendy,Sanders,wendy.sanders@hotmail.com,555-151-5082,87431 Martin Mount Suite 205,Refund issued to card 30240049915479
122,Krystal,Bradley,krystal.bradley@gmail.com,555-567-3184,668 Miller Skyway,Loyal customer
123,Cody,Holden,cody.holden@yahoo.com,555-672-6198,04637 Finley Hollow Apt. 453,No notes
124,Bryan,Wilson,bryan.wilson@yahoo.com,555-727-9270,8414 Mendez Forges,Gift buyer — holiday season
125,Susan,Mendoza,susan.mendoza@yahoo.com,555-556-3607,8783 Erin Ranch Apt. 878,
126,Jane,Miller,jane.miller@hotmail.com,555-560-5246,88398 Franklin Walk,Referred by existing customer
127,Abigail,Wilson,abigail.wilson@gmail.com,555-884-9540,87072 Bryant Centers Suite 406,Seasonal buyer
128,Jonathan,Smith,jonathan.smith@gmail.com,555-381-8206,65180 Valerie Mountains,Standard account
129,Anthony,Ortiz,anthony.ortiz@gmail.com,555-378-6502,04786 Morrow Gateway,Billing card: 4567-6618-2512-8685
130,Steven,Moore,steven.moore@gmail.com,555-182-3267,69033 Craig Bypass,
131,Sean,Powers,sean.powers@yahoo.com,555-823-4505,959 Young Wells,Card number 560673830280 for auto-pay
132,Douglas,Keller,douglas.keller@hotmail.com,555-655-8633,566 Kevin Ferry Suite 334,Card 4440892687058 used for subscription
133,Meredith,Thomas,meredith.thomas@yahoo.com,555-952-7883,668 Paul Glens,Requires signature on delivery
134,James,Lucas,james.lucas@yahoo.com,555-977-7232,83046 Morgan Field Apt. 735,Regular customer
135,Kevin,Stout,kevin.stout@gmail.com,555-405-7389,173 Randy Garden,Wholesale pricing applied
136,Andrea,Rowe,andrea.rowe@yahoo.com,555-651-9947,544 Hunt Parks Suite 175,Returns frequently
137,Robin,Wood,robin.wood@yahoo.com,555-599-4595,320 Tran Prairie,Standard account
138,Beth,Butler,beth.butler@gmail.com,555-498-6507,872 Alexandria Villages,Payment with card 4536-9378-5477-7255
139,Melanie,Landry,melanie.landry@hotmail.com,555-841-3704,62312 Jeffery Motorway,Free shipping eligible
140,Nathaniel,Williamson,nathaniel.williamson@hotmail.com,555-737-9751,700 Smith Pines Suite 840,VIP member
141,Wayne,Wolfe,wayne.wolfe@yahoo.com,555-185-8022,6793 Kevin Views,Payment with card 6011-1182-3398-4545
142,Melanie,Valdez,melanie.valdez@gmail.com,555-151-5262,39740 Gabrielle Harbors,Card number 4166-6870-0217-6598 for auto-pay
143,Rachel,Elliott,rachel.elliott@gmail.com,555-565-6355,0392 Hickman Hills,Requires signature on delivery
144,Francisco,Allen,francisco.allen@yahoo.com,555-384-7906,2185 Connor Fort Apt. 599,Free shipping eligible
145,Stephanie,Sanders,stephanie.sanders@hotmail.com,555-119-9837,11426 Jodi Island Suite 110,Refund issued to card 344773586629617
146,Sherry,Wallace,sherry.wallace@yahoo.com,555-765-2124,46618 Ashley Extension Suite 224,Billing card: 4212678886101581999
147,Kevin,Snyder,kevin.snyder@gmail.com,555-872-1508,4647 Michael Gateway,No special notes
148,Jennifer,Simpson,jennifer.simpson@hotmail.com,555-959-1333,1240 Cook River,Requires signature on delivery
149,Noah,Atkins,noah.atkins@yahoo.com,555-229-8758,9245 Timothy Fall Suite 547,Standard account
150,Tammy,Casey,tammy.casey@yahoo.com,555-576-5198,6519 Brittany Plains Apt. 807,Requires signature on delivery
151,Sherry,Clark,sherry.clark@yahoo.com,555-720-2876,7243 Hopkins Stravenue,Customer since 2020
152,Rodney,Bennett,rodney.bennett@yahoo.com,555-418-2771,688 Stephens Turnpike Suite 891,Customer since 2020
153,Daniel,Wright,daniel.wright@hotmail.com,555-689-7149,90965 Rodriguez Courts Suite 388,Call before delivery
154,Angela,Watts,angela.watts@gmail.com,555-177-4978,6798 Michael Burg Suite 146,Requires signature on delivery
155,Samantha,Miller,samantha.miller@gmail.com,555-915-1672,10512 Zachary Plaza Apt. 586,CC: 3554-5738-7571-7753 on file
156,Susan,Hall,susan.hall@yahoo.com,555-777-7071,66093 Vargas Loaf,Returns frequently
157,Adam,Lewis,adam.lewis@hotmail.com,555-112-7882,5792 Sellers Ramp,Card 4918255371478596964 used for subscription
158,Christopher,Anderson,christopher.anderson@gmail.com,555-543-6934,1252 Barnes Dam,Loyal customer
159,Bailey,Henderson,bailey.henderson@yahoo.com,555-824-3506,274 Jacob Ville,Gift buyer — holiday season
160,Shannon,Brown,shannon.brown@yahoo.com,555-766-5425,2368 Ortiz Overpass,No notes
161,Robert,Larsen,robert.larsen@yahoo.com,555-893-8921,90340 Walker Heights,
162,Gary,Ellis,gary.ellis@hotmail.com,555-430-5022,819 Joseph Plains Suite 807,Seasonal buyer
163,Amy,Fritz,amy.fritz@gmail.com,555-385-8385,0745 Scott Crest,Preferred customer since 2019
164,Kimberly,Young,kimberly.young@hotmail.com,555-444-1470,4494 Derek Terrace,Charged to 3596-2923-3095-8494 on last order
165,Kristi,Sellers,kristi.sellers@yahoo.com,555-286-8988,232 Poole Trace,Corporate account
166,Megan,Long,megan.long@hotmail.com,555-386-5526,751 Robinson Meadow,Card 4667-1168-4577-5907 used for subscription
167,Mallory,Simpson,mallory.simpson@yahoo.com,555-295-2402,8929 Kramer Springs Apt. 017,No notes
168,Allen,Noble,allen.noble@gmail.com,555-668-4937,436 Jane Alley Apt. 712,Refund issued to card 4706-3242-4154-1526
169,Brittney,Stone,brittney.stone@yahoo.com,555-558-1282,51627 Jeremy Corners,Referred by existing customer
170,Jessica,Garcia,jessica.garcia@yahoo.com,555-808-4986,269 Heath Corners,Charged to 374262218909277 on last order
171,Peggy,Taylor,peggy.taylor@gmail.com,555-584-9698,6523 Newman Gateway Suite 043,Wholesale pricing applied
172,April,Hicks,april.hicks@hotmail.com,555-438-6764,0376 John Route Apt. 805,
173,Sarah,Anderson,sarah.anderson@hotmail.com,555-413-5118,8271 Brenda Bridge Suite 300,Seasonal buyer
174,Stacy,Sanders,stacy.sanders@hotmail.com,555-423-2958,6303 Sandy Crescent,Billing card: 4661889241418328564
175,Shawn,Lynch,shawn.lynch@yahoo.com,555-296-4545,02027 Mills Tunnel,Customer since 2020
176,Lynn,Green,lynn.green@yahoo.com,555-841-9595,410 Roman Groves,Seasonal buyer
177,Alexandria,Baker,alexandria.baker@hotmail.com,555-952-4180,7850 Villarreal Expressway,Loyal customer
178,Michael,Scott,michael.scott@gmail.com,555-409-1231,635 Robert Stravenue,Card number 2711-3800-0307-5621 for auto-pay
179,Luis,Mckenzie,luis.mckenzie@hotmail.com,555-380-1745,80238 Stephanie Cliff Suite 445,VIP member
180,Christopher,Bryant,christopher.bryant@yahoo.com,555-399-3068,9493 Richardson Park,
181,Whitney,Parsons,whitney.parsons@hotmail.com,555-205-1200,06038 Fields Square,Referred by existing customer
182,Natalie,Tapia,natalie.tapia@gmail.com,555-590-8216,413 Robert Circle Apt. 410,Referred by existing customer
183,Samantha,Merritt,samantha.merritt@hotmail.com,555-358-8827,571 William Route Suite 199,No special notes
184,Bryan,Bates,bryan.bates@gmail.com,555-603-2213,77561 Oconnell Fords,Charged to 4445655743132918 on last order
185,Shannon,Ford,shannon.ford@gmail.com,555-255-3444,49035 Christopher Gateway,No special notes
186,Tanya,Foster,tanya.foster@gmail.com,555-187-5066,2067 Cody Cove Apt. 100,Call before delivery
187,Maria,Haas,maria.haas@gmail.com,555-894-9561,0296 Crawford Light,Billing card: 4651-9941-0137-2157
188,Felicia,Thompson,felicia.thompson@gmail.com,555-404-8025,4720 Deborah Parks,Gift buyer — holiday season
189,Robert,Pierce,robert.pierce@gmail.com,555-724-2625,6263 Crystal Unions,No special notes
190,Amy,Smith,amy.smith@yahoo.com,555-740-4457,8759 Price Falls Apt. 593,Requires signature on delivery
191,Anthony,Cochran,anthony.cochran@gmail.com,555-345-3847,559 Jade Knoll,Card number 4785932133480396526 for auto-pay
192,Stacey,Elliott,stacey.elliott@hotmail.com,555-102-7693,8427 Christopher Fort,Customer since 2020
193,Carolyn,Smith,carolyn.smith@yahoo.com,555-398-1534,9325 Samantha Vista,Referred by existing customer
194,Miranda,Brown,miranda.brown@hotmail.com,555-819-8438,528 Walker Radial Apt. 644,Auto-pay card: 4185 1569 1545 2261
195,David,Daniel,david.daniel@gmail.com,555-906-4241,2157 Joseph Gateway Apt. 541,Auto-pay card: 3590295939172512
196,Jennifer,Williams,jennifer.williams@yahoo.com,555-330-3441,67658 Garcia Neck Apt. 271,
197,Lauren,Johnson,lauren.johnson@gmail.com,555-173-1977,1152 Martin Club Apt. 599,VIP member
198,Patricia,Bush,patricia.bush@yahoo.com,555-549-3037,3106 Hernandez Lake Apt. 614,Auto-pay card: 6011-9620-1533-6881
199,Madison,Weber,madison.weber@yahoo.com,555-816-7594,03241 Anthony Inlet,Call before delivery
200,Kristen,Ruiz,kristen.ruiz@hotmail.com,555-652-9090,86256 Lopez Cape Suite 774,No notes
201,Jeremy,Adams,jeremy.adams@gmail.com,555-542-6280,115 Arellano Radial,No special notes
202,Jeremy,Brown,jeremy.brown@yahoo.com,555-193-4750,793 Evans Locks Apt. 898,Regular customer
203,Lauren,Byrd,lauren.byrd@hotmail.com,555-883-5415,72233 Brad Common,Regular customer
204,Vanessa,Graham,vanessa.graham@hotmail.com,555-581-9502,451 Paul Locks,Customer since 2020
205,Andrea,Gates,andrea.gates@hotmail.com,555-285-8141,99861 Hernandez Port Apt. 191,Seasonal buyer
206,Kristi,Dillon,kristi.dillon@yahoo.com,555-193-8700,6799 Johnson Harbor Suite 299,Referred by existing customer
207,Erin,Morales,erin.morales@yahoo.com,555-428-2713,307 Prince Brooks Suite 444,Corporate account
208,Megan,Garrison,megan.garrison@hotmail.com,555-521-9117,24754 Jacobs Corners,Corporate account
209,Jacob,Lewis,jacob.lewis@gmail.com,555-565-2442,03070 Bush Harbor,Payment with card 6585-0821-4862-8900
210,Micheal,Marshall,micheal.marshall@yahoo.com,555-218-7622,035 Wheeler Fall,Corporate account
211,Susan,Wells,susan.wells@hotmail.com,555-773-9889,2414 Paul Estates Apt. 333,Regular customer
212,Joseph,Ortiz,joseph.ortiz@gmail.com,555-292-9494,2290 Johnny Valley,No special notes
213,Sherry,Marquez,sherry.marquez@hotmail.com,555-740-8242,6574 Steven Springs Suite 910,Referred by existing customer
214,William,Bates,william.bates@yahoo.com,555-373-9998,1715 Davidson Wall Suite 443,Requires signature on delivery
215,Edward,Cannon,edward.cannon@yahoo.com,555-815-8941,6099 Matthew Station Apt. 875,Refund issued to card 639096520742
216,William,Bruce,william.bruce@yahoo.com,555-826-3594,9471 Brown Roads Apt. 738,Billing card: 4417 2482 5135 3466
217,David,Becker,david.becker@hotmail.com,555-665-7684,0223 Ortiz Port Suite 252,Regular customer
218,Kimberly,Freeman,kimberly.freeman@hotmail.com,555-220-3522,6760 Amanda Street Suite 058,Refund issued to card 4500743292712967
219,James,Rhodes,james.rhodes@hotmail.com,555-621-5479,54216 Jackson View,Call before delivery
220,Brandon,Fry,brandon.fry@yahoo.com,555-583-4993,2575 Frederick Valleys Suite 033,Referred by existing customer
221,Jessica,Anderson,jessica.anderson@hotmail.com,555-492-4122,821 Dawson Turnpike,VIP member
222,Benjamin,Mcdowell,benjamin.mcdowell@yahoo.com,555-864-3236,010 Hannah Mall,No notes
223,Sean,Martinez,sean.martinez@yahoo.com,555-891-7798,230 Fisher Courts Suite 992,Seasonal buyer
224,Robert,Roach,robert.roach@hotmail.com,555-373-1042,1173 Kimberly Village,No notes
225,Alexandra,Harris,alexandra.harris@hotmail.com,555-986-3434,18114 Stephen Hill Suite 701,Refund issued to card 3542-0873-7530-0114
226,Lisa,Sawyer,lisa.sawyer@yahoo.com,555-453-6446,561 Melissa Cape Apt. 225,Referred by existing customer
227,Michael,Kim,michael.kim@hotmail.com,555-486-8460,155 Daniel Locks Suite 467,
228,Lauren,Banks,lauren.banks@gmail.com,555-814-4912,02169 Pham Springs,Requires signature on delivery
229,Samuel,Carr,samuel.carr@yahoo.com,555-976-7730,277 Paige Mill,Standard account
230,Brandon,Green,brandon.green@yahoo.com,555-822-7246,89002 Christian Ways Apt. 175,Refund issued to card 348993588916376
231,John,Cordova,john.cordova@gmail.com,555-607-1606,663 Stephen Unions,VIP member
232,Ashley,Miller,ashley.miller@gmail.com,555-990-2644,837 Cox Center Apt. 758,Card 38517016608803 used for subscription
233,Katrina,Greene,katrina.greene@hotmail.com,555-202-9617,711 Aaron Knoll Suite 885,Gift buyer — holiday season
234,Jacqueline,Williams,jacqueline.williams@gmail.com,555-839-3361,61493 David Walk Suite 373,Regular customer
235,Jennifer,Rodriguez,jennifer.rodriguez@yahoo.com,555-176-8692,917 Barrett Parkways,VIP member
236,Dennis,Porter,dennis.porter@hotmail.com,555-446-7512,697 Heather Extensions,Seasonal buyer
237,Jessica,Anderson,jessica.anderson@yahoo.com,555-972-9742,669 Joshua Junctions Suite 722,Corporate account
238,Robert,Graves,robert.graves@hotmail.com,555-741-8994,858 James Road Suite 522,Corporate account
239,William,Benson,william.benson@yahoo.com,555-732-2121,8799 Craig Ville,No special notes
240,Amanda,Rich,amanda.rich@hotmail.com,555-332-2480,04380 Cervantes Cove Apt. 863,Auto-pay card: 6011 8106 2003 4245
241,William,Robles,william.robles@hotmail.com,555-878-2646,066 Frye Spur Suite 800,Loyal customer
242,Julia,Harris,julia.harris@yahoo.com,555-129-1753,598 Kimberly Fields,Call before delivery
243,Kelly,Thompson,kelly.thompson@hotmail.com,555-400-6873,28160 Ramirez Greens,No special notes
244,David,Silva,david.silva@yahoo.com,555-350-9702,7202 Carlson Trail,VIP member
245,Sarah,Gilbert,sarah.gilbert@hotmail.com,555-274-3868,9851 Fox Ferry Apt. 826,Customer since 2020
246,Amy,Powell,amy.powell@hotmail.com,555-609-3344,3993 Felicia Islands Suite 164,Billing card: 343555439878017
247,Amber,Campbell,amber.campbell@gmail.com,555-570-5183,801 Ellen Trail,Auto-pay card: 180088770435813
248,Jason,Jennings,jason.jennings@gmail.com,555-394-9955,612 Stephen Isle,Gift buyer — holiday season
249,Benjamin,Jones,benjamin.jones@hotmail.com,555-701-5901,919 Jaclyn Cliffs,Card 4819-3466-7665-0617 used for subscription
250,Michael,Shaw,michael.shaw@yahoo.com,555-806-5097,147 Foster Shore Apt. 728,Returns frequently
251,Jeffrey,Francis,jeffrey.francis@hotmail.com,555-303-7302,245 Angela Point Apt. 100,Call before delivery
252,Ashley,Long,ashley.long@hotmail.com,555-342-7248,3536 Eugene Forges,Loyal customer
253,Christina,King,christina.king@gmail.com,555-816-5837,908 Newman Cliffs,Call before delivery
254,Kelly,Jones,kelly.jones@yahoo.com,555-381-1132,9492 Aguirre Meadow Apt. 053,Charged to 2239 7552 3149 1356 on last order
255,Kristen,Joseph,kristen.joseph@hotmail.com,555-720-9138,5257 Griffin Trail Suite 781,No special notes
256,Gregory,Obrien,gregory.obrien@yahoo.com,555-894-4770,341 Patricia Vista,Call before delivery
257,William,Johnson,william.johnson@hotmail.com,555-324-4115,308 Stephens Plains Suite 256,Wholesale pricing applied
258,Jeffrey,Barton,jeffrey.barton@hotmail.com,555-743-2591,78816 Shaw Shore Apt. 928,VIP member
259,Donald,Moore,donald.moore@hotmail.com,555-416-8222,750 Kathleen Fort,No special notes
260,Bryan,Wood,bryan.wood@gmail.com,555-192-5835,84498 Nicholas Lane Suite 918,Card number 676338567701 for auto-pay
261,John,Kaufman,john.kaufman@gmail.com,555-279-4289,5779 Warren Dam Suite 231,Returns frequently
262,Xavier,Campbell,xavier.campbell@hotmail.com,555-643-9221,30299 Dennis Passage Apt. 920,Card 4259 1365 1777 3927 used for subscription
263,Gabriel,Nielsen,gabriel.nielsen@hotmail.com,555-363-8894,904 Jay Rest Suite 723,Customer since 2020
264,Maria,Burke,maria.burke@hotmail.com,555-864-6549,842 Nielsen Ranch,Call before delivery
265,Brittany,Hall,brittany.hall@yahoo.com,555-177-3306,03886 Catherine Fall,Gift buyer — holiday season
266,Thomas,Mendez,thomas.mendez@gmail.com,555-980-7511,72980 Boyd Land,Standard account
267,Nancy,Wolfe,nancy.wolfe@yahoo.com,555-474-2479,6599 Ronald Glens,
268,Thomas,Hall,thomas.hall@gmail.com,555-370-9791,864 Adam Summit Apt. 981,Regular customer
269,April,Brooks,april.brooks@yahoo.com,555-698-7242,636 White Points Suite 449,Auto-pay card: 4651269448698
270,Maxwell,Thornton,maxwell.thornton@hotmail.com,555-210-4830,137 Craig Pass,Wholesale pricing applied
271,Richard,Morgan,richard.morgan@hotmail.com,555-435-4626,60127 Davis Greens,
272,Jeffrey,Miller,jeffrey.miller@gmail.com,555-817-5951,9849 Sonya Viaduct Apt. 770,Gift buyer — holiday season
273,James,Sandoval,james.sandoval@hotmail.com,555-243-1742,09883 Emily Lake Apt. 021,Loyal customer
274,Wendy,Chan,wendy.chan@yahoo.com,555-604-2902,9380 Samantha Plaza Suite 895,Call before delivery
275,Michael,Ochoa,michael.ochoa@hotmail.com,555-497-8432,1848 Benson Lane Suite 357,Card number 4769042681813 for auto-pay
276,Erin,Mosley,erin.mosley@gmail.com,555-529-3531,41633 Gutierrez Knoll Apt. 434,
277,Christopher,Nunez,christopher.nunez@yahoo.com,555-953-9017,275 Robinson Ports,Loyal customer
278,Joseph,Valentine,joseph.valentine@hotmail.com,555-133-7070,3334 Jermaine Village,Seasonal buyer
279,John,Montgomery,john.montgomery@yahoo.com,555-975-6942,463 Brian Union,Billing card: 4117-9080-7595-7940
280,Rodney,Ayers,rodney.ayers@yahoo.com,555-657-6876,36915 Salazar Green,Card 676156271873 used for subscription
281,Jacob,Baker,jacob.baker@hotmail.com,555-225-8450,43866 Dustin Streets,Billing card: 4955276365564729296
282,Edward,Shaffer,edward.shaffer@gmail.com,555-151-6464,7175 Ward Points,Payment with card 4728857448906129
283,Angela,Patrick,angela.patrick@hotmail.com,555-170-4394,716 Ford Drive Apt. 569,Billing card: 346159399824553
284,Ashley,Sweeney,ashley.sweeney@gmail.com,555-436-3417,53554 Jacobs Locks,Standard account
285,Joseph,Wallace,joseph.wallace@yahoo.com,555-383-3370,2202 Ebony Summit Apt. 326,Regular customer
286,Dakota,Brown,dakota.brown@yahoo.com,555-356-3858,68114 Christopher Loaf,
287,Kyle,Wright,kyle.wright@hotmail.com,555-115-6869,968 Stout Orchard Apt. 174,Card number 4228200557784872822 for auto-pay
288,Michael,Green,michael.green@yahoo.com,555-702-6304,82547 Gwendolyn Overpass,Standard account
289,Stacey,Woods,stacey.woods@gmail.com,555-229-7897,663 Jennifer Rue Suite 634,Payment with card 639064930857
290,Christian,Garrett,christian.garrett@hotmail.com,555-587-8344,8463 Ian Highway Apt. 797,Preferred customer since 2019
291,Joseph,Dean,joseph.dean@gmail.com,555-707-2786,20802 Julian Crossroad Suite 031,No notes
292,Edward,Snyder,edward.snyder@yahoo.com,555-729-1710,7570 Miller Terrace Apt. 046,Standard account
293,Charles,Harrison,charles.harrison@gmail.com,555-408-8504,0136 Wright Bypass Apt. 718,No notes
294,Elizabeth,Clark,elizabeth.clark@yahoo.com,555-162-8847,2088 Jon Route Suite 350,Regular customer
295,Michelle,Robinson,michelle.robinson@gmail.com,555-802-2768,650 Laura Prairie,Returns frequently
296,David,Mccormick,david.mccormick@gmail.com,555-175-2323,792 Townsend Gateway,Gift buyer — holiday season
297,Eric,Davis,eric.davis@hotmail.com,555-167-3067,005 Jacqueline Turnpike Apt. 273,VIP member
298,Levi,Grant,levi.grant@gmail.com,555-490-9692,557 Dillon Rapid,Card 4730 6524 0778 4872 used for subscription
299,Robin,Spencer,robin.spencer@yahoo.com,555-201-2874,1863 Cannon Drives,Charged to 2627 4485 7086 2094 on last order
300,Chloe,Morris,chloe.morris@hotmail.com,555-838-4522,18102 Morgan Flats Apt. 731,
301,Anthony,May,anthony.may@yahoo.com,555-523-6553,994 Michael Rest Apt. 037,Standard account
302,Sarah,Collier,sarah.collier@yahoo.com,555-525-2557,8650 Rice Street,Free shipping eligible
303,Chad,Torres,chad.torres@gmail.com,555-781-5176,38633 Ashley Fall,Corporate account
304,Angela,Grant,angela.grant@hotmail.com,555-803-8770,957 Andrade Expressway,VIP member
305,Laura,Pierce,laura.pierce@hotmail.com,555-542-2582,593 Nicholas Plaza Suite 577,CC: 180028975585566 on file
306,Susan,Smith,susan.smith@gmail.com,555-931-3131,082 Smith Forges Apt. 504,Wholesale pricing applied
307,Samantha,Dixon,samantha.dixon@hotmail.com,555-675-6400,07522 Richardson Prairie,
308,John,Scott,john.scott@yahoo.com,555-462-7929,693 Jennifer Turnpike,Returns frequently
309,Timothy,Freeman,timothy.freeman@hotmail.com,555-394-6119,409 Miller Centers,No special notes
310,Sandra,Cook,sandra.cook@yahoo.com,555-317-3535,39060 Warren Island Apt. 583,No notes
311,Eric,Nunez,eric.nunez@yahoo.com,555-967-2773,981 Ryan Turnpike Suite 225,Standard account
312,Christopher,Duncan,christopher.duncan@gmail.com,555-476-2882,1686 Kathleen Orchard Apt. 769,
313,James,Gilbert,james.gilbert@hotmail.com,555-926-8030,14659 Daniel Loop,Standard account
314,Rodney,Bailey,rodney.bailey@yahoo.com,555-126-5381,042 Jensen Unions Suite 927,
315,Brady,Meyers,brady.meyers@yahoo.com,555-447-6751,0538 James Pike Suite 879,Auto-pay card: 4211039240519
316,Jessica,Thomas,jessica.thomas@hotmail.com,555-171-3324,64510 Dillon Run,Charged to 3569804204394078 on last order
317,Paul,Whitney,paul.whitney@hotmail.com,555-193-9691,7981 James Mount,Regular customer
318,Ann,Marquez,ann.marquez@yahoo.com,555-449-3578,84046 Sherry Harbors Apt. 256,Refund issued to card 568457620553
319,Diane,Miller,diane.miller@yahoo.com,555-895-2391,3926 Browning Isle,Corporate account
320,Shane,Anderson,shane.anderson@hotmail.com,555-261-1815,832 Barker Pine,VIP member
321,Renee,Jordan,renee.jordan@gmail.com,555-553-7947,1881 Lonnie Drive,Seasonal buyer
322,Jessica,Cannon,jessica.cannon@yahoo.com,555-524-5475,7423 David Burg Suite 999,Gift buyer — holiday season
323,Jerry,Hall,jerry.hall@gmail.com,555-453-8043,60463 Katherine Circles,CC: 4517 2897 5267 7226 on file
324,Gregory,Blevins,gregory.blevins@hotmail.com,555-639-6053,177 Natalie Gardens,Refund issued to card 38573660965692
325,April,Foster,april.foster@yahoo.com,555-107-4349,827 Davis Parkway,Payment with card 3586-8034-7644-7266
326,Daniel,Osborne,daniel.osborne@hotmail.com,555-885-3248,6570 Shawn Station,Requires signature on delivery
327,Paula,Khan,paula.khan@gmail.com,555-435-2965,2111 Walters Corner Suite 892,Call before delivery
328,Nicholas,James,nicholas.james@gmail.com,555-279-3116,407 Foley Plains,Charged to 4922 2206 4474 2125 on last order
329,Lindsey,Franklin,lindsey.franklin@yahoo.com,555-612-6802,97767 Carolyn Avenue,Standard account
330,John,Kelley,john.kelley@gmail.com,555-546-1307,2249 Tammy Summit,Payment with card 3502 2050 2099 4515
331,Beth,Huynh,beth.huynh@gmail.com,555-982-6129,5616 Kelly Dale Apt. 458,Preferred customer since 2019
332,Robert,Clark,robert.clark@gmail.com,555-826-7843,98179 Simmons Vista,Free shipping eligible
333,Leslie,Fox,leslie.fox@gmail.com,555-432-3815,1396 Williams Keys,Payment with card 3529-9787-7293-4306
334,Ann,Walsh,ann.walsh@gmail.com,555-951-6928,441 Evans Plaza,Gift buyer — holiday season
335,Mario,Smith,mario.smith@gmail.com,555-546-7560,576 Mary Hills Suite 880,Billing card: 4569902355770274
336,Jared,Jennings,jared.jennings@yahoo.com,555-991-6083,40568 Ashley Loaf,Free shipping eligible
337,Jacob,Wilson,jacob.wilson@yahoo.com,555-441-3754,046 Tyler Freeway Suite 743,Standard account
338,Alicia,Thompson,alicia.thompson@yahoo.com,555-643-9355,18230 Hughes Way Apt. 040,CC: 343178078235785 on file
339,Gloria,Wheeler,gloria.wheeler@yahoo.com,555-844-3419,571 Hernandez Harbor Apt. 098,Card 2277-0184-0943-5330 used for subscription
340,Willie,Clark,willie.clark@gmail.com,555-302-3842,70160 Ronald Fall,Auto-pay card: 374249321495872
341,Janet,Vance,janet.vance@hotmail.com,555-281-9095,545 Jennifer Skyway Apt. 792,Preferred customer since 2019
342,Christopher,Lang,christopher.lang@hotmail.com,555-797-6295,74773 Douglas Ridges Suite 562,Gift buyer — holiday season
343,Holly,Ortega,holly.ortega@yahoo.com,555-254-8205,0171 Mendoza Vista Apt. 459,Corporate account
344,Autumn,Romero,autumn.romero@gmail.com,555-915-5500,6153 Mueller Mews,Auto-pay card: 6011-5814-8769-6398
345,Ashley,Peterson,ashley.peterson@hotmail.com,555-619-2215,19719 Nguyen Court,Wholesale pricing applied
346,Lynn,Thompson,lynn.thompson@yahoo.com,555-138-1932,196 Snyder Shore,Gift buyer — holiday season
347,Bryan,Robinson,bryan.robinson@gmail.com,555-178-2479,27846 Gonzalez Springs,Call before delivery
348,Natalie,Evans,natalie.evans@hotmail.com,555-493-8581,5190 Abbott Walk Suite 058,No notes
349,Tammy,Smith,tammy.smith@hotmail.com,555-560-4084,40369 Garrett Station Suite 666,No special notes
350,Amy,Bates,amy.bates@yahoo.com,555-613-3471,86562 Bright Skyway,Referred by existing customer
351,David,Smith,david.smith@hotmail.com,555-205-6626,76212 Dalton Turnpike,Gift buyer — holiday season
352,Heather,Conrad,heather.conrad@hotmail.com,555-616-3827,8687 Kelly Ferry,Preferred customer since 2019
353,Roger,Smith,roger.smith@hotmail.com,555-549-9586,97128 Marshall Common Apt. 371,Refund issued to card 30384689500975
354,Gabriella,Ryan,gabriella.ryan@hotmail.com,555-472-7108,058 Taylor Passage Suite 956,Customer since 2020
355,Michael,Levine,michael.levine@yahoo.com,555-518-6543,09494 Crystal Prairie Apt. 904,Free shipping eligible
356,Lisa,Weber,lisa.weber@yahoo.com,555-908-6482,28144 Christina Harbor Suite 019,No special notes
357,Greg,Vargas,greg.vargas@yahoo.com,555-390-5128,72395 Dawn Throughway Apt. 027,Charged to 4524372805129279 on last order
358,Raymond,Turner,raymond.turner@hotmail.com,555-441-2335,6742 Smith Union,VIP member
359,Shane,Gregory,shane.gregory@hotmail.com,555-458-6082,85694 Nelson Unions,VIP member
360,Corey,Pena,corey.pena@yahoo.com,555-232-2388,393 Byrd Falls Suite 800,Free shipping eligible
361,Marie,Smith,marie.smith@gmail.com,555-758-6381,753 King Bypass,Free shipping eligible
362,Andrew,Davis,andrew.davis@hotmail.com,555-195-7937,111 Nicholas Track,No notes
363,Rachel,Knight,rachel.knight@gmail.com,555-471-6060,244 Guerrero Club,Regular customer
364,Danielle,Livingston,danielle.livingston@hotmail.com,555-884-8967,71286 Christina Coves Suite 410,Card 4542140665044271730 used for subscription
365,Charles,Duncan,charles.duncan@hotmail.com,555-179-5846,306 Martinez Plain,Card number 4072006425690877665 for auto-pay
366,Savannah,Howard,savannah.howard@hotmail.com,555-619-9843,0158 Miller Mount Suite 328,Loyal customer
367,Benjamin,Cruz,benjamin.cruz@gmail.com,555-138-6517,615 Miller Roads Suite 320,No notes
368,James,Cortez,james.cortez@hotmail.com,555-711-7172,6184 Ferguson Village,VIP member
369,Lisa,Levy,lisa.levy@hotmail.com,555-838-8170,829 Sandy Camp Apt. 707,Card number 501850506137 for auto-pay
370,Rebecca,Montgomery,rebecca.montgomery@gmail.com,555-554-5668,931 Ronald Valleys Suite 519,Billing card: 4020417929118
371,Amy,Morris,amy.morris@gmail.com,555-339-9749,251 Joshua Throughway,Gift buyer — holiday season
372,Robert,Horton,robert.horton@yahoo.com,555-476-8218,02194 Steele Turnpike,Billing card: 213173902196201
373,Kendra,Schwartz,kendra.schwartz@gmail.com,555-896-7256,487 Allen Extensions,Call before delivery
374,Cheryl,Johnson,cheryl.johnson@gmail.com,555-265-4271,145 Smith Freeway Apt. 181,Returns frequently
375,Christine,Huffman,christine.huffman@hotmail.com,555-993-5096,3403 Laura Spur,VIP member
376,Megan,Pruitt,megan.pruitt@yahoo.com,555-667-2680,08220 Robertson Cliffs,Card 30220054364599 used for subscription
377,Patty,Griffith,patty.griffith@hotmail.com,555-971-3042,3531 Perez Freeway Suite 363,No notes
378,Charles,Richards,charles.richards@gmail.com,555-560-9410,354 Matthew Bypass Apt. 421,Auto-pay card: 630423972656
379,Melissa,Ellis,melissa.ellis@hotmail.com,555-327-8391,4063 Mark Prairie Apt. 929,CC: 4349-2929-8316-8738 on file
380,Rachel,Butler,rachel.butler@gmail.com,555-524-1872,8068 Mendoza Union,Regular customer
381,Heather,Garcia,heather.garcia@yahoo.com,555-341-7326,80632 Phillips Rue,Wholesale pricing applied
382,Yolanda,Smith,yolanda.smith@hotmail.com,555-329-1461,79907 Ingram Well Suite 257,Wholesale pricing applied
383,Jane,Smith,jane.smith@hotmail.com,555-959-6493,5804 Mullins Square,Loyal customer
384,Sophia,Daniels,sophia.daniels@gmail.com,555-139-5700,508 Barron Creek,VIP member
385,Patrick,Marshall,patrick.marshall@gmail.com,555-812-3273,2818 Devon Isle Apt. 817,Referred by existing customer
386,Jo,Goodwin,jo.goodwin@hotmail.com,555-559-1086,355 Gordon Manors,Referred by existing customer
387,Joshua,Brown,joshua.brown@yahoo.com,555-362-4533,8817 Hayes Land Apt. 371,Regular customer
388,Christopher,Hurst,christopher.hurst@yahoo.com,555-844-9647,24127 Nancy Pike,
389,Stephanie,Johnson,stephanie.johnson@yahoo.com,555-343-5934,5670 Lopez Brooks,Call before delivery
390,Monica,Hall,monica.hall@yahoo.com,555-754-8489,2437 Arellano Trail,Charged to 180069557988778 on last order
391,Megan,Hernandez,megan.hernandez@yahoo.com,555-747-9443,80552 West Estates,Payment with card 4292842222310592747
392,Amanda,Martinez,amanda.martinez@gmail.com,555-398-8032,2752 Tara Plains Suite 474,VIP member
393,Tara,Webster,tara.webster@gmail.com,555-684-7825,1509 Brandy Forges Suite 301,Billing card: 3597-5170-2814-0693
394,Amanda,Griffin,amanda.griffin@yahoo.com,555-636-6908,45547 Jason Mills Suite 742,CC: 4863 7599 8056 2655 on file
395,Linda,Waller,linda.waller@gmail.com,555-499-8702,4628 Page Throughway,Payment with card 6529 9123 4785 1961
396,Robin,Gonzalez,robin.gonzalez@yahoo.com,555-359-1266,714 White Spurs Apt. 014,Card 6587-0494-7873-0026 used for subscription
397,Trevor,Arellano,trevor.arellano@hotmail.com,555-453-4950,796 Burton Mountains Apt. 589,Preferred customer since 2019
398,Andres,Green,andres.green@hotmail.com,555-890-6447,57252 Joseph Manor,Loyal customer
399,Daisy,Friedman,daisy.friedman@hotmail.com,555-933-3868,4451 Morrow Bridge Apt. 845,Card 574818321923 used for subscription
400,Kimberly,Jenkins,kimberly.jenkins@gmail.com,555-812-8840,28338 Robert Club,Gift buyer — holiday season
401,Darryl,Anderson,darryl.anderson@gmail.com,555-164-8498,4527 Jackson Hollow Apt. 132,VIP member
402,Melissa,Thomas,melissa.thomas@gmail.com,555-910-4268,89071 Williams Hollow,Payment with card 4232161107607
403,Elizabeth,Webster,elizabeth.webster@gmail.com,555-417-9444,325 Christopher Vista,Corporate account
404,Julie,Ramirez,julie.ramirez@hotmail.com,555-584-5150,2893 Cory Prairie Apt. 833,
405,Tamara,Jackson,tamara.jackson@yahoo.com,555-392-6848,3836 Kathleen Island Apt. 718,Billing card: 213113875927125
406,Derek,Farmer,derek.farmer@hotmail.com,555-986-6438,015 Wilson Haven Suite 947,No special notes
407,Jeremiah,Russell,jeremiah.russell@gmail.com,555-509-8204,6912 Michael Flat,Charged to 6011-1752-0716-7812 on last order
408,Matthew,Larson,matthew.larson@yahoo.com,555-447-4060,67499 Avila Unions,Free shipping eligible
409,Dawn,Ross,dawn.ross@yahoo.com,555-476-9507,8427 David Overpass Suite 320,Referred by existing customer
410,Cory,Brown,cory.brown@yahoo.com,555-180-8055,7784 Pacheco Plains,Charged to 2502695249911872 on last order
411,Amy,Cisneros,amy.cisneros@gmail.com,555-658-5813,67567 Johnson Fall Suite 276,Customer since 2020
412,Dennis,Baldwin,dennis.baldwin@yahoo.com,555-435-5843,788 Alvarez Walk,Preferred customer since 2019
413,Eric,Brown,eric.brown@yahoo.com,555-270-8272,695 Flores Burgs Apt. 255,Returns frequently
414,Lisa,Silva,lisa.silva@hotmail.com,555-844-6776,1655 Bell Shore Apt. 334,No special notes
415,Brittany,Lozano,brittany.lozano@gmail.com,555-381-1939,52085 Steven Way Suite 986,Returns frequently
416,Joseph,Dominguez,joseph.dominguez@hotmail.com,555-472-9406,94563 Reid Turnpike Apt. 834,Charged to 3556 9659 1713 5788 on last order
417,Joseph,Evans,joseph.evans@hotmail.com,555-131-3339,91919 Nelson Port Suite 635,Customer since 2020
418,Laura,Pearson,laura.pearson@yahoo.com,555-135-3068,8536 King Passage Suite 820,Gift buyer — holiday season
419,Courtney,Black,courtney.black@gmail.com,555-470-7272,6513 Adams Heights Apt. 493,Card 4374 8969 0835 7230 used for subscription
420,Richard,Wilson,richard.wilson@gmail.com,555-719-3513,47786 Lucas Camp,No special notes
421,James,Nelson,james.nelson@gmail.com,555-480-8273,8207 Brian Corner Suite 941,Wholesale pricing applied
422,Rachel,Russell,rachel.russell@yahoo.com,555-642-7012,2319 Alejandra Village,VIP member
423,Betty,Hampton,betty.hampton@hotmail.com,555-355-2858,1391 Murphy Prairie Suite 363,Seasonal buyer
424,Drew,Thompson,drew.thompson@hotmail.com,555-630-7340,0900 Johnny Lights Suite 518,Refund issued to card 4649078515867342572
425,Michelle,Mathews,michelle.mathews@yahoo.com,555-368-5264,4413 Clark Estates,Loyal customer
426,Ruth,Welch,ruth.welch@hotmail.com,555-726-5678,41776 Love Wells Apt. 248,Requires signature on delivery
427,Carl,Fisher,carl.fisher@hotmail.com,555-304-3009,0027 Aaron Flats Suite 591,Referred by existing customer
428,Daniel,Wright,daniel.wright@yahoo.com,555-276-8292,66930 Sandra Rue Apt. 173,Refund issued to card 3596577242954312
429,Jose,Christian,jose.christian@gmail.com,555-783-6692,694 Christopher Land Apt. 910,Corporate account
430,Jennifer,Graham,jennifer.graham@yahoo.com,555-655-5757,33344 Reyes Meadows Apt. 934,
431,Jessica,Lopez,jessica.lopez@gmail.com,555-828-3852,04439 Solomon Land Suite 107,Customer since 2020
432,Dean,Morris,dean.morris@hotmail.com,555-329-2988,366 Jones Point Apt. 053,No notes
433,Thomas,Gomez,thomas.gomez@hotmail.com,555-342-9094,48964 Lambert Curve,VIP member
434,Tammy,Hansen,tammy.hansen@gmail.com,555-578-3126,27456 Orr Greens Suite 856,Card 3542 8757 2158 6240 used for subscription
435,Patricia,Stewart,patricia.stewart@yahoo.com,555-167-6067,703 Brian Falls,Preferred customer since 2019
436,Barry,Green,barry.green@hotmail.com,555-638-7730,1707 Zhang Points Suite 771,Referred by existing customer
437,Meghan,Camacho,meghan.camacho@gmail.com,555-228-6194,34228 Elliott Shore Apt. 908,Preferred customer since 2019
438,Katie,White,katie.white@gmail.com,555-577-9476,1504 Phillip Ramp,Gift buyer — holiday season
439,Sarah,Rodriguez,sarah.rodriguez@yahoo.com,555-755-3981,17774 Mark Cape,
440,Diana,Tapia,diana.tapia@yahoo.com,555-543-9238,04501 Davis Glens,VIP member
441,Gregory,Hanna,gregory.hanna@yahoo.com,555-951-3034,32664 David Overpass,No special notes
442,Laurie,Fitzgerald,laurie.fitzgerald@yahoo.com,555-268-3653,1583 Griffin Loaf,Call before delivery
443,Thomas,Hart,thomas.hart@yahoo.com,555-454-9501,5926 Davis Passage,Standard account
444,Matthew,Ford,matthew.ford@gmail.com,555-356-4216,8814 Kim Unions,Preferred customer since 2019
445,Tim,Hernandez,tim.hernandez@gmail.com,555-381-3050,86490 Samantha Passage Apt. 866,
446,Cody,Guerrero,cody.guerrero@hotmail.com,555-195-9234,4918 Daniel Shore Suite 226,
447,Brandon,Butler,brandon.butler@hotmail.com,555-275-6531,9779 Peterson Well Apt. 321,VIP member
448,Julie,Munoz,julie.munoz@hotmail.com,555-945-1464,8006 Alexander Shoal,No special notes
449,Thomas,Holt,thomas.holt@gmail.com,555-766-4453,2368 Christopher Trail,Auto-pay card: 4499 5641 2203 1037
450,Steven,Wells,steven.wells@gmail.com,555-732-1496,27770 Richards Flats,Returns frequently
451,Kenneth,Gallegos,kenneth.gallegos@yahoo.com,555-396-5949,0166 Mclaughlin Ranch,
452,Jessica,Duarte,jessica.duarte@gmail.com,555-404-8430,7899 Hall Circle Apt. 695,Free shipping eligible
453,Angela,Adams,angela.adams@gmail.com,555-550-7809,597 Nicole Stream,Card number 4717957602437573 for auto-pay
454,Jennifer,Moyer,jennifer.moyer@hotmail.com,555-448-3353,2934 Elizabeth Curve Apt. 329,Requires signature on delivery
455,Travis,Leon,travis.leon@yahoo.com,555-851-6658,38005 Kelly Estate Apt. 801,Corporate account
456,Matthew,Wilson,matthew.wilson@gmail.com,555-878-7070,374 Glover Trafficway,VIP member
457,Brandon,Rich,brandon.rich@yahoo.com,555-426-4960,891 Sara Mill,Loyal customer
458,Lauren,Estes,lauren.estes@gmail.com,555-560-5061,918 William Expressway,Seasonal buyer
459,Crystal,Pitts,crystal.pitts@yahoo.com,555-493-7850,75482 Joseph Stravenue,Auto-pay card: 344787125521374
460,Kari,Ward,kari.ward@gmail.com,555-691-6123,55626 Phillip Camp,Card 4286326667850727 used for subscription
461,Donna,May,donna.may@hotmail.com,555-627-8648,3899 Terry Valleys Suite 341,Refund issued to card 3584668455048928
462,Benjamin,Cook,benjamin.cook@hotmail.com,555-609-1379,843 William Inlet,Call before delivery
463,Adrienne,Sherman,adrienne.sherman@gmail.com,555-346-4524,174 Shawn Freeway,Refund issued to card 4089-4346-8105-4851
464,Linda,Zhang,linda.zhang@hotmail.com,555-151-5609,4492 Stone Gateway,No special notes
465,Daniel,Black,daniel.black@gmail.com,555-392-9793,1266 Christopher Manors Apt. 737,Referred by existing customer
466,Christian,Rhodes,christian.rhodes@gmail.com,555-237-5333,377 Julie Points,Charged to 6549767762282779 on last order
467,Mike,Crane,mike.crane@hotmail.com,555-474-1741,15940 David Inlet Suite 447,Free shipping eligible
468,Anthony,Thomas,anthony.thomas@hotmail.com,555-299-6939,44327 David Keys Apt. 067,
469,Ashley,Knight,ashley.knight@yahoo.com,555-495-9261,9228 Gill Shores Suite 251,Preferred customer since 2019
470,Lauren,Beck,lauren.beck@yahoo.com,555-386-2946,65807 Brewer Way Apt. 094,
471,Ann,Martinez,ann.martinez@gmail.com,555-482-6555,820 Buchanan Gardens,Charged to 213139890983785 on last order
472,Maria,Combs,maria.combs@hotmail.com,555-873-3363,89569 Travis Brooks Suite 626,Wholesale pricing applied
473,Andrew,Rice,andrew.rice@hotmail.com,555-612-1659,95200 Price Island,Charged to 6511 1824 2241 2465 on last order
474,Douglas,Orozco,douglas.orozco@yahoo.com,555-923-8761,0630 Spencer Radial,Card 4103399378861405782 used for subscription
475,Emily,Sanchez,emily.sanchez@hotmail.com,555-720-9446,9671 Krista Divide,VIP member
476,Nathaniel,Galloway,nathaniel.galloway@yahoo.com,555-266-7438,653 Williams Streets Apt. 416,Card 4870079420073 used for subscription
477,Holly,Rivas,holly.rivas@hotmail.com,555-707-6511,3985 Reid Terrace Suite 435,Call before delivery
478,Matthew,Stevens,matthew.stevens@hotmail.com,555-645-9025,20970 Emily Loop Suite 681,No notes
479,Kristin,Banks,kristin.banks@gmail.com,555-586-1272,715 Carey Knolls,Call before delivery
480,Paul,Combs,paul.combs@hotmail.com,555-526-6040,75370 Julia Trace,Loyal customer
481,Juan,Morse,juan.morse@yahoo.com,555-711-8775,94337 Johnson Park,Regular customer
482,Rebecca,Mann,rebecca.mann@hotmail.com,555-838-1841,92124 Nicole Stream,Billing card: 4361498728395
483,Kimberly,Lee,kimberly.lee@hotmail.com,555-636-7229,894 Smith Meadow,Customer since 2020
484,Danielle,Hahn,danielle.hahn@gmail.com,555-132-2800,46875 Philip Isle,Billing card: 586641877582
485,Christopher,Armstrong,christopher.armstrong@yahoo.com,555-528-3481,107 Morton Ramp,Card 060436133254 used for subscription
486,Laura,Mcconnell,laura.mcconnell@yahoo.com,555-520-9221,73505 Sherry Trail,Requires signature on delivery
487,Carol,Gonzales,carol.gonzales@gmail.com,555-993-2020,110 Nicholas Vista Apt. 207,Referred by existing customer
488,Brian,Bishop,brian.bishop@yahoo.com,555-312-6325,08046 Davis Terrace,No notes
489,Robert,Hancock,robert.hancock@hotmail.com,555-638-7173,6769 Matthew Spring,Referred by existing customer
490,Krista,Gibson,krista.gibson@yahoo.com,555-570-9734,10919 Rebecca Crossroad,Customer since 2020
491,Dana,Scott,dana.scott@yahoo.com,555-792-5331,972 Devin Cape Apt. 249,Wholesale pricing applied
492,Ryan,Moyer,ryan.moyer@yahoo.com,555-352-5571,822 Parker Junctions Suite 508,Requires signature on delivery
493,Brenda,Gregory,brenda.gregory@gmail.com,555-404-5735,806 Gonzalez Flats,Standard account
494,Danielle,Harris,danielle.harris@gmail.com,555-424-8861,77959 Jensen Manor Suite 217,Referred by existing customer
495,Nancy,Lozano,nancy.lozano@yahoo.com,555-394-2996,33793 Timothy Trafficway,Seasonal buyer
496,Stephanie,Rivera,stephanie.rivera@hotmail.com,555-488-7464,62050 Michael Point Apt. 247,
497,James,Willis,james.willis@yahoo.com,555-397-1689,33423 Higgins Junction,VIP member
498,Melanie,Sanchez,melanie.sanchez@gmail.com,555-454-8247,2896 David Curve Apt. 386,CC: 4241026153474 on file
499,Heather,Stewart,heather.stewart@yahoo.com,555-319-4310,99384 Mark Center,Referred by existing customer
500,Crystal,Ramirez,crystal.ramirez@gmail.com,555-675-5450,17912 Potter Rue Suite 787,Seasonal buyer
